[{"model": "auth.permission", "pk": 1, "fields": {"name": "Can add log entry", "content_type": 1, "codename": "add_logentry"}}, {"model": "auth.permission", "pk": 2, "fields": {"name": "Can change log entry", "content_type": 1, "codename": "change_logentry"}}, {"model": "auth.permission", "pk": 3, "fields": {"name": "Can delete log entry", "content_type": 1, "codename": "delete_logentry"}}, {"model": "auth.permission", "pk": 4, "fields": {"name": "Can view log entry", "content_type": 1, "codename": "view_logentry"}}, {"model": "auth.permission", "pk": 5, "fields": {"name": "Can add permission", "content_type": 2, "codename": "add_permission"}}, {"model": "auth.permission", "pk": 6, "fields": {"name": "Can change permission", "content_type": 2, "codename": "change_permission"}}, {"model": "auth.permission", "pk": 7, "fields": {"name": "Can delete permission", "content_type": 2, "codename": "delete_permission"}}, {"model": "auth.permission", "pk": 8, "fields": {"name": "Can view permission", "content_type": 2, "codename": "view_permission"}}, {"model": "auth.permission", "pk": 9, "fields": {"name": "Can add group", "content_type": 3, "codename": "add_group"}}, {"model": "auth.permission", "pk": 10, "fields": {"name": "Can change group", "content_type": 3, "codename": "change_group"}}, {"model": "auth.permission", "pk": 11, "fields": {"name": "Can delete group", "content_type": 3, "codename": "delete_group"}}, {"model": "auth.permission", "pk": 12, "fields": {"name": "Can view group", "content_type": 3, "codename": "view_group"}}, {"model": "auth.permission", "pk": 13, "fields": {"name": "Can add user", "content_type": 4, "codename": "add_user"}}, {"model": "auth.permission", "pk": 14, "fields": {"name": "Can change user", "content_type": 4, "codename": "change_user"}}, {"model": "auth.permission", "pk": 15, "fields": {"name": "Can delete user", "content_type": 4, "codename": "delete_user"}}, {"model": "auth.permission", "pk": 16, "fields": {"name": "Can view user", "content_type": 4, "codename": "view_user"}}, {"model": "auth.permission", "pk": 17, "fields": {"name": "Can add content type", "content_type": 5, "codename": "add_contenttype"}}, {"model": "auth.permission", "pk": 18, "fields": {"name": "Can change content type", "content_type": 5, "codename": "change_contenttype"}}, {"model": "auth.permission", "pk": 19, "fields": {"name": "Can delete content type", "content_type": 5, "codename": "delete_contenttype"}}, {"model": "auth.permission", "pk": 20, "fields": {"name": "Can view content type", "content_type": 5, "codename": "view_contenttype"}}, {"model": "auth.permission", "pk": 21, "fields": {"name": "Can add session", "content_type": 6, "codename": "add_session"}}, {"model": "auth.permission", "pk": 22, "fields": {"name": "Can change session", "content_type": 6, "codename": "change_session"}}, {"model": "auth.permission", "pk": 23, "fields": {"name": "Can delete session", "content_type": 6, "codename": "delete_session"}}, {"model": "auth.permission", "pk": 24, "fields": {"name": "Can view session", "content_type": 6, "codename": "view_session"}}, {"model": "auth.permission", "pk": 25, "fields": {"name": "Can add address", "content_type": 7, "codename": "add_address"}}, {"model": "auth.permission", "pk": 26, "fields": {"name": "Can change address", "content_type": 7, "codename": "change_address"}}, {"model": "auth.permission", "pk": 27, "fields": {"name": "Can delete address", "content_type": 7, "codename": "delete_address"}}, {"model": "auth.permission", "pk": 28, "fields": {"name": "Can view address", "content_type": 7, "codename": "view_address"}}, {"model": "auth.permission", "pk": 29, "fields": {"name": "Can add address tag", "content_type": 8, "codename": "add_addresstag"}}, {"model": "auth.permission", "pk": 30, "fields": {"name": "Can change address tag", "content_type": 8, "codename": "change_addresstag"}}, {"model": "auth.permission", "pk": 31, "fields": {"name": "Can delete address tag", "content_type": 8, "codename": "delete_addresstag"}}, {"model": "auth.permission", "pk": 32, "fields": {"name": "Can view address tag", "content_type": 8, "codename": "view_addresstag"}}, {"model": "auth.permission", "pk": 33, "fields": {"name": "Can add customer", "content_type": 9, "codename": "add_customer"}}, {"model": "auth.permission", "pk": 34, "fields": {"name": "Can change customer", "content_type": 9, "codename": "change_customer"}}, {"model": "auth.permission", "pk": 35, "fields": {"name": "Can delete customer", "content_type": 9, "codename": "delete_customer"}}, {"model": "auth.permission", "pk": 36, "fields": {"name": "Can view customer", "content_type": 9, "codename": "view_customer"}}, {"model": "auth.permission", "pk": 37, "fields": {"name": "Can add customer address", "content_type": 10, "codename": "add_customeraddress"}}, {"model": "auth.permission", "pk": 38, "fields": {"name": "Can change customer address", "content_type": 10, "codename": "change_customeraddress"}}, {"model": "auth.permission", "pk": 39, "fields": {"name": "Can delete customer address", "content_type": 10, "codename": "delete_customeraddress"}}, {"model": "auth.permission", "pk": 40, "fields": {"name": "Can view customer address", "content_type": 10, "codename": "view_customeraddress"}}, {"model": "auth.permission", "pk": 41, "fields": {"name": "Can add vendor", "content_type": 11, "codename": "add_vendor"}}, {"model": "auth.permission", "pk": 42, "fields": {"name": "Can change vendor", "content_type": 11, "codename": "change_vendor"}}, {"model": "auth.permission", "pk": 43, "fields": {"name": "Can delete vendor", "content_type": 11, "codename": "delete_vendor"}}, {"model": "auth.permission", "pk": 44, "fields": {"name": "Can view vendor", "content_type": 11, "codename": "view_vendor"}}, {"model": "auth.permission", "pk": 45, "fields": {"name": "Can add vendor address", "content_type": 12, "codename": "add_vendoraddress"}}, {"model": "auth.permission", "pk": 46, "fields": {"name": "Can change vendor address", "content_type": 12, "codename": "change_vendoraddress"}}, {"model": "auth.permission", "pk": 47, "fields": {"name": "Can delete vendor address", "content_type": 12, "codename": "delete_vendoraddress"}}, {"model": "auth.permission", "pk": 48, "fields": {"name": "Can view vendor address", "content_type": 12, "codename": "view_vendoraddress"}}, {"model": "auth.permission", "pk": 49, "fields": {"name": "Can add app", "content_type": 13, "codename": "add_app"}}, {"model": "auth.permission", "pk": 50, "fields": {"name": "Can change app", "content_type": 13, "codename": "change_app"}}, {"model": "auth.permission", "pk": 51, "fields": {"name": "Can delete app", "content_type": 13, "codename": "delete_app"}}, {"model": "auth.permission", "pk": 52, "fields": {"name": "Can view app", "content_type": 13, "codename": "view_app"}}, {"model": "auth.permission", "pk": 53, "fields": {"name": "Can add button", "content_type": 14, "codename": "add_button"}}, {"model": "auth.permission", "pk": 54, "fields": {"name": "Can change button", "content_type": 14, "codename": "change_button"}}, {"model": "auth.permission", "pk": 55, "fields": {"name": "Can delete button", "content_type": 14, "codename": "delete_button"}}, {"model": "auth.permission", "pk": 56, "fields": {"name": "Can view button", "content_type": 14, "codename": "view_button"}}, {"model": "auth.permission", "pk": 57, "fields": {"name": "Can add country", "content_type": 15, "codename": "add_country"}}, {"model": "auth.permission", "pk": 58, "fields": {"name": "Can change country", "content_type": 15, "codename": "change_country"}}, {"model": "auth.permission", "pk": 59, "fields": {"name": "Can delete country", "content_type": 15, "codename": "delete_country"}}, {"model": "auth.permission", "pk": 60, "fields": {"name": "Can view country", "content_type": 15, "codename": "view_country"}}, {"model": "auth.permission", "pk": 61, "fields": {"name": "Can add form", "content_type": 16, "codename": "add_form"}}, {"model": "auth.permission", "pk": 62, "fields": {"name": "Can change form", "content_type": 16, "codename": "change_form"}}, {"model": "auth.permission", "pk": 63, "fields": {"name": "Can delete form", "content_type": 16, "codename": "delete_form"}}, {"model": "auth.permission", "pk": 64, "fields": {"name": "Can view form", "content_type": 16, "codename": "view_form"}}, {"model": "auth.permission", "pk": 65, "fields": {"name": "Can add list", "content_type": 17, "codename": "add_list"}}, {"model": "auth.permission", "pk": 66, "fields": {"name": "Can change list", "content_type": 17, "codename": "change_list"}}, {"model": "auth.permission", "pk": 67, "fields": {"name": "Can delete list", "content_type": 17, "codename": "delete_list"}}, {"model": "auth.permission", "pk": 68, "fields": {"name": "Can view list", "content_type": 17, "codename": "view_list"}}, {"model": "auth.permission", "pk": 69, "fields": {"name": "Can add menu", "content_type": 18, "codename": "add_menu"}}, {"model": "auth.permission", "pk": 70, "fields": {"name": "Can change menu", "content_type": 18, "codename": "change_menu"}}, {"model": "auth.permission", "pk": 71, "fields": {"name": "Can delete menu", "content_type": 18, "codename": "delete_menu"}}, {"model": "auth.permission", "pk": 72, "fields": {"name": "Can view menu", "content_type": 18, "codename": "view_menu"}}, {"model": "auth.permission", "pk": 73, "fields": {"name": "Can add stage", "content_type": 19, "codename": "add_stage"}}, {"model": "auth.permission", "pk": 74, "fields": {"name": "Can change stage", "content_type": 19, "codename": "change_stage"}}, {"model": "auth.permission", "pk": 75, "fields": {"name": "Can delete stage", "content_type": 19, "codename": "delete_stage"}}, {"model": "auth.permission", "pk": 76, "fields": {"name": "Can view stage", "content_type": 19, "codename": "view_stage"}}, {"model": "auth.permission", "pk": 77, "fields": {"name": "Can add territories", "content_type": 20, "codename": "add_territories"}}, {"model": "auth.permission", "pk": 78, "fields": {"name": "Can change territories", "content_type": 20, "codename": "change_territories"}}, {"model": "auth.permission", "pk": 79, "fields": {"name": "Can delete territories", "content_type": 20, "codename": "delete_territories"}}, {"model": "auth.permission", "pk": 80, "fields": {"name": "Can view territories", "content_type": 20, "codename": "view_territories"}}, {"model": "auth.permission", "pk": 81, "fields": {"name": "Can add tag", "content_type": 21, "codename": "add_tag"}}, {"model": "auth.permission", "pk": 82, "fields": {"name": "Can change tag", "content_type": 21, "codename": "change_tag"}}, {"model": "auth.permission", "pk": 83, "fields": {"name": "Can delete tag", "content_type": 21, "codename": "delete_tag"}}, {"model": "auth.permission", "pk": 84, "fields": {"name": "Can view tag", "content_type": 21, "codename": "view_tag"}}, {"model": "auth.permission", "pk": 85, "fields": {"name": "Can add state", "content_type": 22, "codename": "add_state"}}, {"model": "auth.permission", "pk": 86, "fields": {"name": "Can change state", "content_type": 22, "codename": "change_state"}}, {"model": "auth.permission", "pk": 87, "fields": {"name": "Can delete state", "content_type": 22, "codename": "delete_state"}}, {"model": "auth.permission", "pk": 88, "fields": {"name": "Can view state", "content_type": 22, "codename": "view_state"}}, {"model": "auth.permission", "pk": 89, "fields": {"name": "Can add language", "content_type": 23, "codename": "add_language"}}, {"model": "auth.permission", "pk": 90, "fields": {"name": "Can change language", "content_type": 23, "codename": "change_language"}}, {"model": "auth.permission", "pk": 91, "fields": {"name": "Can delete language", "content_type": 23, "codename": "delete_language"}}, {"model": "auth.permission", "pk": 92, "fields": {"name": "Can view language", "content_type": 23, "codename": "view_language"}}, {"model": "auth.permission", "pk": 93, "fields": {"name": "Can add help", "content_type": 24, "codename": "add_help"}}, {"model": "auth.permission", "pk": 94, "fields": {"name": "Can change help", "content_type": 24, "codename": "change_help"}}, {"model": "auth.permission", "pk": 95, "fields": {"name": "Can delete help", "content_type": 24, "codename": "delete_help"}}, {"model": "auth.permission", "pk": 96, "fields": {"name": "Can view help", "content_type": 24, "codename": "view_help"}}, {"model": "auth.permission", "pk": 97, "fields": {"name": "Can add field", "content_type": 25, "codename": "add_field"}}, {"model": "auth.permission", "pk": 98, "fields": {"name": "Can change field", "content_type": 25, "codename": "change_field"}}, {"model": "auth.permission", "pk": 99, "fields": {"name": "Can delete field", "content_type": 25, "codename": "delete_field"}}, {"model": "auth.permission", "pk": 100, "fields": {"name": "Can view field", "content_type": 25, "codename": "view_field"}}, {"model": "auth.permission", "pk": 101, "fields": {"name": "Can add currency", "content_type": 26, "codename": "add_currency"}}, {"model": "auth.permission", "pk": 102, "fields": {"name": "Can change currency", "content_type": 26, "codename": "change_currency"}}, {"model": "auth.permission", "pk": 103, "fields": {"name": "Can delete currency", "content_type": 26, "codename": "delete_currency"}}, {"model": "auth.permission", "pk": 104, "fields": {"name": "Can view currency", "content_type": 26, "codename": "view_currency"}}, {"model": "auth.permission", "pk": 105, "fields": {"name": "Can add configuration", "content_type": 27, "codename": "add_configuration"}}, {"model": "auth.permission", "pk": 106, "fields": {"name": "Can change configuration", "content_type": 27, "codename": "change_configuration"}}, {"model": "auth.permission", "pk": 107, "fields": {"name": "Can delete configuration", "content_type": 27, "codename": "delete_configuration"}}, {"model": "auth.permission", "pk": 108, "fields": {"name": "Can view configuration", "content_type": 27, "codename": "view_configuration"}}, {"model": "auth.permission", "pk": 109, "fields": {"name": "Can add columns", "content_type": 28, "codename": "add_columns"}}, {"model": "auth.permission", "pk": 110, "fields": {"name": "Can change columns", "content_type": 28, "codename": "change_columns"}}, {"model": "auth.permission", "pk": 111, "fields": {"name": "Can delete columns", "content_type": 28, "codename": "delete_columns"}}, {"model": "auth.permission", "pk": 112, "fields": {"name": "Can view columns", "content_type": 28, "codename": "view_columns"}}, {"model": "auth.permission", "pk": 113, "fields": {"name": "Can add choice", "content_type": 29, "codename": "add_choice"}}, {"model": "auth.permission", "pk": 114, "fields": {"name": "Can change choice", "content_type": 29, "codename": "change_choice"}}, {"model": "auth.permission", "pk": 115, "fields": {"name": "Can delete choice", "content_type": 29, "codename": "delete_choice"}}, {"model": "auth.permission", "pk": 116, "fields": {"name": "Can view choice", "content_type": 29, "codename": "view_choice"}}, {"model": "auth.permission", "pk": 117, "fields": {"name": "Can add company", "content_type": 30, "codename": "add_company"}}, {"model": "auth.permission", "pk": 118, "fields": {"name": "Can change company", "content_type": 30, "codename": "change_company"}}, {"model": "auth.permission", "pk": 119, "fields": {"name": "Can delete company", "content_type": 30, "codename": "delete_company"}}, {"model": "auth.permission", "pk": 120, "fields": {"name": "Can view company", "content_type": 30, "codename": "view_company"}}, {"model": "auth.permission", "pk": 121, "fields": {"name": "Can add company user", "content_type": 31, "codename": "add_companyuser"}}, {"model": "auth.permission", "pk": 122, "fields": {"name": "Can change company user", "content_type": 31, "codename": "change_companyuser"}}, {"model": "auth.permission", "pk": 123, "fields": {"name": "Can delete company user", "content_type": 31, "codename": "delete_companyuser"}}, {"model": "auth.permission", "pk": 124, "fields": {"name": "Can view company user", "content_type": 31, "codename": "view_companyuser"}}, {"model": "auth.permission", "pk": 125, "fields": {"name": "Can add company address", "content_type": 32, "codename": "add_companyaddress"}}, {"model": "auth.permission", "pk": 126, "fields": {"name": "Can change company address", "content_type": 32, "codename": "change_companyaddress"}}, {"model": "auth.permission", "pk": 127, "fields": {"name": "Can delete company address", "content_type": 32, "codename": "delete_companyaddress"}}, {"model": "auth.permission", "pk": 128, "fields": {"name": "Can view company address", "content_type": 32, "codename": "view_companyaddress"}}, {"model": "auth.permission", "pk": 129, "fields": {"name": "Can add channel", "content_type": 33, "codename": "add_channel"}}, {"model": "auth.permission", "pk": 130, "fields": {"name": "Can change channel", "content_type": 33, "codename": "change_channel"}}, {"model": "auth.permission", "pk": 131, "fields": {"name": "Can delete channel", "content_type": 33, "codename": "delete_channel"}}, {"model": "auth.permission", "pk": 132, "fields": {"name": "Can view channel", "content_type": 33, "codename": "view_channel"}}, {"model": "auth.permission", "pk": 133, "fields": {"name": "Can add communication", "content_type": 34, "codename": "add_communication"}}, {"model": "auth.permission", "pk": 134, "fields": {"name": "Can change communication", "content_type": 34, "codename": "change_communication"}}, {"model": "auth.permission", "pk": 135, "fields": {"name": "Can delete communication", "content_type": 34, "codename": "delete_communication"}}, {"model": "auth.permission", "pk": 136, "fields": {"name": "Can view communication", "content_type": 34, "codename": "view_communication"}}, {"model": "auth.permission", "pk": 137, "fields": {"name": "Can add team", "content_type": 35, "codename": "add_team"}}, {"model": "auth.permission", "pk": 138, "fields": {"name": "Can change team", "content_type": 35, "codename": "change_team"}}, {"model": "auth.permission", "pk": 139, "fields": {"name": "Can delete team", "content_type": 35, "codename": "delete_team"}}, {"model": "auth.permission", "pk": 140, "fields": {"name": "Can view team", "content_type": 35, "codename": "view_team"}}, {"model": "auth.permission", "pk": 141, "fields": {"name": "Can add user others", "content_type": 36, "codename": "add_userothers"}}, {"model": "auth.permission", "pk": 142, "fields": {"name": "Can change user others", "content_type": 36, "codename": "change_userothers"}}, {"model": "auth.permission", "pk": 143, "fields": {"name": "Can delete user others", "content_type": 36, "codename": "delete_userothers"}}, {"model": "auth.permission", "pk": 144, "fields": {"name": "Can view user others", "content_type": 36, "codename": "view_userothers"}}, {"model": "auth.permission", "pk": 145, "fields": {"name": "Can add user address", "content_type": 37, "codename": "add_useraddress"}}, {"model": "auth.permission", "pk": 146, "fields": {"name": "Can change user address", "content_type": 37, "codename": "change_useraddress"}}, {"model": "auth.permission", "pk": 147, "fields": {"name": "Can delete user address", "content_type": 37, "codename": "delete_useraddress"}}, {"model": "auth.permission", "pk": 148, "fields": {"name": "Can view user address", "content_type": 37, "codename": "view_useraddress"}}, {"model": "auth.permission", "pk": 149, "fields": {"name": "Can add team user", "content_type": 38, "codename": "add_teamuser"}}, {"model": "auth.permission", "pk": 150, "fields": {"name": "Can change team user", "content_type": 38, "codename": "change_teamuser"}}, {"model": "auth.permission", "pk": 151, "fields": {"name": "Can delete team user", "content_type": 38, "codename": "delete_teamuser"}}, {"model": "auth.permission", "pk": 152, "fields": {"name": "Can view team user", "content_type": 38, "codename": "view_teamuser"}}, {"model": "auth.permission", "pk": 153, "fields": {"name": "Can add communication address", "content_type": 39, "codename": "add_communicationaddress"}}, {"model": "auth.permission", "pk": 154, "fields": {"name": "Can change communication address", "content_type": 39, "codename": "change_communicationaddress"}}, {"model": "auth.permission", "pk": 155, "fields": {"name": "Can delete communication address", "content_type": 39, "codename": "delete_communicationaddress"}}, {"model": "auth.permission", "pk": 156, "fields": {"name": "Can view communication address", "content_type": 39, "codename": "view_communicationaddress"}}, {"model": "auth.permission", "pk": 157, "fields": {"name": "Can add Token", "content_type": 40, "codename": "add_token"}}, {"model": "auth.permission", "pk": 158, "fields": {"name": "Can change Token", "content_type": 40, "codename": "change_token"}}, {"model": "auth.permission", "pk": 159, "fields": {"name": "Can delete Token", "content_type": 40, "codename": "delete_token"}}, {"model": "auth.permission", "pk": 160, "fields": {"name": "Can view Token", "content_type": 40, "codename": "view_token"}}, {"model": "auth.permission", "pk": 161, "fields": {"name": "Can add token", "content_type": 41, "codename": "add_tokenproxy"}}, {"model": "auth.permission", "pk": 162, "fields": {"name": "Can change token", "content_type": 41, "codename": "change_tokenproxy"}}, {"model": "auth.permission", "pk": 163, "fields": {"name": "Can delete token", "content_type": 41, "codename": "delete_tokenproxy"}}, {"model": "auth.permission", "pk": 164, "fields": {"name": "Can view token", "content_type": 41, "codename": "view_tokenproxy"}}, {"model": "auth.user", "pk": 1, "fields": {"password": "pbkdf2_sha256$320000$RF0Uy7o47V0bYzxBP9PBxa$HUGM8flYUGZlmVaXl8G8MazubhdlN/tun9J2rgeTPsE=", "last_login": null, "is_superuser": true, "username": "admin", "first_name": "", "last_name": "", "email": "admin@gmail.com", "is_staff": true, "is_active": true, "date_joined": "2022-09-21T09:12:07.450Z", "groups": [], "user_permissions": []}}, {"model": "auth.user", "pk": 2, "fields": {"password": "pbkdf2_sha256$320000$VqoAMIwG7jF16znqy07UQf$nPxAjvzEUuEfouGKqR0ws5Hdt+TxomwCVY5ZN4nhVyA=", "last_login": null, "is_superuser": true, "username": "demo", "first_name": "", "last_name": "", "email": "demo@gmail.com", "is_staff": true, "is_active": true, "date_joined": "2022-09-21T09:12:26.597Z", "groups": [], "user_permissions": []}}, {"model": "auth.user", "pk": 3, "fields": {"password": "pbkdf2_sha256$320000$8eYI31enNyARqQiewbt0EU$UguZK4pYS6yYTVOc2ML43nQxVygvEk2n7ZWtd5RokDM=", "last_login": null, "is_superuser": true, "username": "test", "first_name": "", "last_name": "", "email": "test@gmail.com", "is_staff": true, "is_active": true, "date_joined": "2022-09-21T09:12:43.815Z", "groups": [], "user_permissions": []}}, {"model": "contenttypes.contenttype", "pk": 1, "fields": {"app_label": "admin", "model": "logentry"}}, {"model": "contenttypes.contenttype", "pk": 2, "fields": {"app_label": "auth", "model": "permission"}}, {"model": "contenttypes.contenttype", "pk": 3, "fields": {"app_label": "auth", "model": "group"}}, {"model": "contenttypes.contenttype", "pk": 4, "fields": {"app_label": "auth", "model": "user"}}, {"model": "contenttypes.contenttype", "pk": 5, "fields": {"app_label": "contenttypes", "model": "contenttype"}}, {"model": "contenttypes.contenttype", "pk": 6, "fields": {"app_label": "sessions", "model": "session"}}, {"model": "contenttypes.contenttype", "pk": 7, "fields": {"app_label": "sales", "model": "address"}}, {"model": "contenttypes.contenttype", "pk": 8, "fields": {"app_label": "sales", "model": "addresstag"}}, {"model": "contenttypes.contenttype", "pk": 9, "fields": {"app_label": "sales", "model": "customer"}}, {"model": "contenttypes.contenttype", "pk": 10, "fields": {"app_label": "sales", "model": "customeraddress"}}, {"model": "contenttypes.contenttype", "pk": 11, "fields": {"app_label": "sales", "model": "vendor"}}, {"model": "contenttypes.contenttype", "pk": 12, "fields": {"app_label": "sales", "model": "vendoraddress"}}, {"model": "contenttypes.contenttype", "pk": 13, "fields": {"app_label": "system", "model": "app"}}, {"model": "contenttypes.contenttype", "pk": 14, "fields": {"app_label": "system", "model": "button"}}, {"model": "contenttypes.contenttype", "pk": 15, "fields": {"app_label": "system", "model": "country"}}, {"model": "contenttypes.contenttype", "pk": 16, "fields": {"app_label": "system", "model": "form"}}, {"model": "contenttypes.contenttype", "pk": 17, "fields": {"app_label": "system", "model": "list"}}, {"model": "contenttypes.contenttype", "pk": 18, "fields": {"app_label": "system", "model": "menu"}}, {"model": "contenttypes.contenttype", "pk": 19, "fields": {"app_label": "system", "model": "stage"}}, {"model": "contenttypes.contenttype", "pk": 20, "fields": {"app_label": "system", "model": "territories"}}, {"model": "contenttypes.contenttype", "pk": 21, "fields": {"app_label": "system", "model": "tag"}}, {"model": "contenttypes.contenttype", "pk": 22, "fields": {"app_label": "system", "model": "state"}}, {"model": "contenttypes.contenttype", "pk": 23, "fields": {"app_label": "system", "model": "language"}}, {"model": "contenttypes.contenttype", "pk": 24, "fields": {"app_label": "system", "model": "help"}}, {"model": "contenttypes.contenttype", "pk": 25, "fields": {"app_label": "system", "model": "field"}}, {"model": "contenttypes.contenttype", "pk": 26, "fields": {"app_label": "system", "model": "currency"}}, {"model": "contenttypes.contenttype", "pk": 27, "fields": {"app_label": "system", "model": "configuration"}}, {"model": "contenttypes.contenttype", "pk": 28, "fields": {"app_label": "system", "model": "columns"}}, {"model": "contenttypes.contenttype", "pk": 29, "fields": {"app_label": "system", "model": "choice"}}, {"model": "contenttypes.contenttype", "pk": 30, "fields": {"app_label": "system", "model": "company"}}, {"model": "contenttypes.contenttype", "pk": 31, "fields": {"app_label": "system", "model": "companyuser"}}, {"model": "contenttypes.contenttype", "pk": 32, "fields": {"app_label": "system", "model": "companyaddress"}}, {"model": "contenttypes.contenttype", "pk": 33, "fields": {"app_label": "system", "model": "channel"}}, {"model": "contenttypes.contenttype", "pk": 34, "fields": {"app_label": "system", "model": "communication"}}, {"model": "contenttypes.contenttype", "pk": 35, "fields": {"app_label": "system", "model": "team"}}, {"model": "contenttypes.contenttype", "pk": 36, "fields": {"app_label": "system", "model": "userothers"}}, {"model": "contenttypes.contenttype", "pk": 37, "fields": {"app_label": "system", "model": "useraddress"}}, {"model": "contenttypes.contenttype", "pk": 38, "fields": {"app_label": "system", "model": "teamuser"}}, {"model": "contenttypes.contenttype", "pk": 39, "fields": {"app_label": "system", "model": "communicationaddress"}}, {"model": "contenttypes.contenttype", "pk": 40, "fields": {"app_label": "authtoken", "model": "token"}}, {"model": "contenttypes.contenttype", "pk": 41, "fields": {"app_label": "authtoken", "model": "tokenproxy"}}, {"model": "sales.address", "pk": 1, "fields": {"created_time": "1989-11-06T15:23:05Z", "modified_time": "2003-02-09T17:24:23Z", "created_by": 2, "type": "Customer", "location": "sector-18", "default": true, "person": "Employee", "company_name": "Testing Company", "address1": "abc colony", "address2": "NH-48", "address3": "Near Database", "city": "Flushing", "state": 2, "postal_code": "456123", "country": 2, "description": null, "comment": null, "warning": null, "icon": "sp", "email": "jessicalee@example.com", "telephone": "0123654789", "telephone_type": "Office", "other_communication": null, "other_communication_type": null, "language": 1, "website": "testingcompanypvt.com", "stage": 1, "stage_started": "2016-01-23T20:24:57Z", "status": "3", "used": "1974-05-08T22:57:52Z"}}, {"model": "sales.address", "pk": 2, "fields": {"created_time": "2008-07-26T14:25:39Z", "modified_time": "1991-03-12T01:44:34Z", "created_by": 3, "type": "Billing", "location": "New Jersey", "default": true, "person": "Company", "company_name": "Demo company pvt ltd", "address1": "Demo colony", "address2": "NH-78", "address3": "adfghbth", "city": "Smithton", "state": 2, "postal_code": "456987", "country": 1, "description": null, "comment": null, "warning": null, "icon": "pr", "email": "anthonyharris@example.net", "telephone": "7894561230", "telephone_type": "office", "other_communication": null, "other_communication_type": null, "language": 2, "website": "Democompany.com", "stage": 2, "stage_started": "1991-02-14T03:06:10Z", "status": "3", "used": "2007-11-07T08:33:33Z"}}, {"model": "sales.address", "pk": 3, "fields": {"created_time": "1983-03-20T16:31:44Z", "modified_time": "1992-08-07T15:40:24Z", "created_by": 3, "type": "delivery", "location": "India", "default": true, "person": "person", "company_name": "Doc company", "address1": "IT PARK", "address2": "gol chakar", "address3": null, "city": "shanghai", "state": 2, "postal_code": "485967", "country": 1, "description": null, "comment": null, "warning": null, "icon": "pr", "email": "bridgeslisa@example.com", "telephone": "5869741230", "telephone_type": "testing", "other_communication": null, "other_communication_type": null, "language": null, "website": "comapny.com", "stage": 1, "stage_started": "2009-10-19T00:30:21Z", "status": "1", "used": "1990-07-11T22:17:12Z"}}, {"model": "sales.address", "pk": 4, "fields": {"created_time": "2014-08-19T22:46:12Z", "modified_time": "1979-11-05T06:57:14Z", "created_by": 2, "type": "test", "location": null, "default": true, "person": "company", "company_name": null, "address1": "DOC colony", "address2": "near Hotel Duna", "address3": null, "city": "Gangnam", "state": 3, "postal_code": "526385", "country": 3, "description": null, "comment": null, "warning": null, "icon": "fo", "email": "pschroeder@example.com", "telephone": null, "telephone_type": null, "other_communication": "test.test.16", "other_communication_type": "facebook", "language": null, "website": null, "stage": 4, "stage_started": "2015-06-08T13:59:25Z", "status": "1", "used": "1979-04-21T04:21:47Z"}}, {"model": "sales.address", "pk": 5, "fields": {"created_time": "2017-12-06T14:14:37Z", "modified_time": "1999-04-07T06:23:25Z", "created_by": 1, "type": "Company", "location": "Lonawala", "default": true, "person": "Feng Leng", "company_name": "Xaioqi Pvt Ltd", "address1": "Brewali", "address2": "Chinchpokhali bandar", "address3": "Khao gali", "city": "South Mark", "state": 8, "postal_code": "184102", "country": 1, "description": null, "comment": null, "warning": null, "icon": "ho", "email": "melvin50@example.com", "telephone": "8059352851", "telephone_type": "Personal", "other_communication": null, "other_communication_type": null, "language": 1, "website": null, "stage": 5, "stage_started": "2020-01-14T02:11:42Z", "status": "1", "used": "2006-05-25T02:35:04Z"}}, {"model": "sales.address", "pk": 6, "fields": {"created_time": "2003-03-05T21:10:24Z", "modified_time": "2012-01-18T21:43:24Z", "created_by": 1, "type": "delivery", "location": "Gangnam plaza", "default": false, "person": "Company", "company_name": "Rich", "address1": "Under Film station", "address2": "plot no-50", "address3": null, "city": "New Billy", "state": 5, "postal_code": "897485", "country": 4, "description": null, "comment": "Particularly stop this. Remember such enough respond. Drop special note record beyond option TV performance.\nMedical certainly lay yes show.", "warning": "Him media court such talk. Expect heavy form travel data happy throw. Official bar authority.", "icon": "my", "email": "joe21@example.net", "telephone": null, "telephone_type": null, "other_communication": null, "other_communication_type": null, "language": 2, "website": null, "stage": 3, "stage_started": "2010-08-20T16:36:23Z", "status": "2", "used": "1976-05-29T05:48:09Z"}}, {"model": "sales.address", "pk": 7, "fields": {"created_time": "2012-04-18T01:18:43Z", "modified_time": "1995-11-12T20:18:23Z", "created_by": 3, "type": "Billing", "location": "ABC", "default": false, "person": "Kee", "company_name": "KEE company", "address1": "Lee collage", "address2": "abc road", "address3": "office no.- 308", "city": "New Gerald", "state": 11, "postal_code": "112233", "country": 11, "description": "Test development event beautiful.", "comment": "Party probably item none able stay.", "warning": "Push generation your capital. ", "icon": "cu", "email": "emcconnell@example.org", "telephone": "5869741230", "telephone_type": "Office", "other_communication": null, "other_communication_type": null, "language": 1, "website": null, "stage": 4, "stage_started": "1983-07-30T08:42:01Z", "status": "3", "used": "1989-05-24T13:29:44Z"}}, {"model": "sales.address", "pk": 8, "fields": {"created_time": "1975-03-19T00:26:45Z", "modified_time": "1994-10-08T13:12:48Z", "created_by": 3, "type": "Office", "location": "CCC Plaza", "default": false, "person": "CCC", "company_name": "Sandle wood pvt ltd", "address1": "CCC plaza", "address2": "VIP road", "address3": "Zirakpur", "city": "Zirakpur", "state": 8, "postal_code": "586974", "country": 1, "description": "Test development event beautiful.", "comment": "Party probably item none able stay.", "warning": "Push generation your capital. ", "icon": "cu", "email": "emcconnell@example.org", "telephone": "5869741230", "telephone_type": "Office", "other_communication": null, "other_communication_type": null, "language": 1, "website": null, "stage": 2, "stage_started": null, "status": null, "used": "2007-12-10T07:56:24Z"}}, {"model": "sales.address", "pk": 9, "fields": {"created_time": "1987-07-20T15:18:55Z", "modified_time": "2014-02-08T02:50:23Z", "created_by": 1, "type": "Dealing", "location": "Royal Estate", "default": false, "person": "Shrikant", "company_name": "Annapurna Sweets", "address1": "sss building", "address2": "near zzz building", "address3": "plot no. - 590", "city": "Duranville", "state": 6, "postal_code": "789123", "country": 5, "description": "Group structure seat science thought.", "comment": "Many decide strategy perhaps nearly write.", "warning": "This road magazine year national black that.", "icon": "to", "email": "williamjackson@example.net", "telephone": "7896541230", "telephone_type": "office", "other_communication": null, "other_communication_type": null, "language": 1, "website": null, "stage": 5, "stage_started": "2020-07-08T05:29:53Z", "status": "3", "used": "2010-07-06T14:40:37Z"}}, {"model": "sales.address", "pk": 10, "fields": {"created_time": "2011-02-22T21:14:41Z", "modified_time": "2020-10-05T23:20:36Z", "created_by": 1, "type": "Billing", "location": "Delhi", "default": true, "person": null, "company_name": null, "address1": "abc highway", "address2": "Hotel Duluna", "address3": "apartment A/34", "city": "Dashmesh nagar", "state": 7, "postal_code": "456987", "country": 1, "description": null, "comment": null, "warning": null, "icon": "ga", "email": "whitejacqueline@example.com", "telephone": null, "telephone_type": null, "other_communication": null, "other_communication_type": null, "language": null, "website": null, "stage": 5, "stage_started": "2018-05-18T22:32:17Z", "status": "1", "used": "2009-04-19T05:58:46Z"}}, {"model": "sales.address", "pk": 11, "fields": {"created_time": "2012-03-10T07:13:58Z", "modified_time": "2007-07-12T15:22:22Z", "created_by": 2, "type": "Billing", "location": "Berlin", "default": false, "person": "Fu jichen", "company_name": "Fu Industries", "address1": "xxx road", "address2": "opposite of abc building", "address3": null, "city": "East Coast", "state": 5, "postal_code": "123789", "country": 3, "description": null, "comment": null, "warning": null, "icon": "se", "email": "ebeck@example.net", "telephone": "4569871230", "telephone_type": "Work", "other_communication": null, "other_communication_type": null, "language": null, "website": null, "stage": 3, "stage_started": "1987-12-20T00:49:36Z", "status": "1", "used": "1979-02-25T03:33:32Z"}}, {"model": "sales.address", "pk": 12, "fields": {"created_time": "1991-03-19T02:53:41Z", "modified_time": "2009-10-11T11:49:20Z", "created_by": 1, "type": "delivery", "location": "France", "default": false, "person": "Company", "company_name": "omega pvt ltd", "address1": "yyy branch", "address2": "xxxx building", "address3": "oslo", "city": null, "state": 12, "postal_code": "145236", "country": 12, "description": null, "comment": null, "warning": null, "icon": "tw", "email": "christina50@example.org", "telephone": "7854120369", "telephone_type": "Office", "other_communication": null, "other_communication_type": null, "language": null, "website": "nationality.com", "stage": 1, "stage_started": "2011-07-04T08:45:46Z", "status": "3", "used": "1999-12-19T23:03:20Z"}}, {"model": "sales.customer", "pk": 1, "fields": {"created_time": "1996-01-09T06:58:02Z", "modified_time": "1986-08-19T11:04:23Z", "created_by": 1, "parent_id": null, "entity": "1", "name": "Koopman", "shipping_terms": "Prepaid/Prepay", "ship_via": "port", "source": "website", "payment_terms": "online payment", "payment_method": "paypal", "sales_currency": 2, "free_freight_min": "0.79", "issue_statements": true, "require_pos": false, "credit_limit": "15000.00", "account_balance": "10000.00", "current_orders": "1000.00", "authorised_card": "0.66", "credit_avail": "9000.00", "overdue": "1000.00", "avg_pay_days": 2, "last_credit_review": "1983-09-20", "credit_hold": true, "account_receivable": "2009-10-05T06:56:48Z", "stage": null, "stage_started": "2012-09-10T12:07:34Z", "status": "1", "used": "1976-10-14T21:25:28Z"}}, {"model": "sales.customer", "pk": 2, "fields": {"created_time": "1977-11-18T12:25:17Z", "modified_time": "1972-06-11T01:28:43Z", "created_by": 3, "parent_id": 1, "entity": "2", "name": "Scott", "shipping_terms": "Add/Collect", "ship_via": "port", "source": "Social media", "payment_terms": "cash in hand", "payment_method": "COD", "sales_currency": 1, "free_freight_min": "0.60", "issue_statements": true, "require_pos": false, "credit_limit": "10000.00", "account_balance": "9000.00", "current_orders": "2000.00", "authorised_card": "0.15", "credit_avail": "7000.00", "overdue": "0.00", "avg_pay_days": 0, "last_credit_review": "2014-03-15", "credit_hold": true, "account_receivable": "2020-08-28T21:49:55Z", "stage": null, "stage_started": "2015-02-21T12:55:34Z", "status": "2", "used": "2017-02-17T11:44:16Z"}}, {"model": "sales.customer", "pk": 3, "fields": {"created_time": "2013-07-26T22:27:18Z", "modified_time": "2014-10-08T09:46:55Z", "created_by": 2, "parent_id": null, "entity": "2", "name": "odoo", "shipping_terms": "personal", "ship_via": "Defense research", "source": "Professional approach", "payment_terms": "responsibility identify", "payment_method": "online payment", "sales_currency": 2, "free_freight_min": "0.32", "issue_statements": true, "require_pos": true, "credit_limit": "0.17", "account_balance": "0.91", "current_orders": "0.49", "authorised_card": "0.07", "credit_avail": "0.03", "overdue": "0.14", "avg_pay_days": 17356, "last_credit_review": "1980-01-05", "credit_hold": true, "account_receivable": "1984-08-08T20:05:45Z", "stage": 5, "stage_started": "1971-12-29T09:21:25Z", "status": "3", "used": "2018-07-17T11:53:57Z"}}, {"model": "sales.customer", "pk": 4, "fields": {"created_time": "1980-12-08T15:47:29Z", "modified_time": "1987-09-13T11:52:50Z", "created_by": 1, "parent_id": 3, "entity": "2", "name": "indeed", "shipping_terms": "defense car.", "ship_via": "port", "source": "Leader", "payment_terms": "after delivery", "payment_method": "COD", "sales_currency": 4, "free_freight_min": "0.52", "issue_statements": true, "require_pos": true, "credit_limit": "0.01", "account_balance": "0.80", "current_orders": "0.36", "authorised_card": "0.54", "credit_avail": "0.23", "overdue": "0.47", "avg_pay_days": 10708, "last_credit_review": "1991-08-25", "credit_hold": false, "account_receivable": "1973-10-05T21:48:12Z", "stage": 2, "stage_started": "2002-01-06T02:43:59Z", "status": "1", "used": "2006-08-14T05:14:24Z"}}, {"model": "sales.customer", "pk": 5, "fields": {"created_time": "2020-01-09T20:27:26Z", "modified_time": "2013-07-06T04:54:45Z", "created_by": 3, "parent_id": 4, "entity": "2", "name": "Democrat", "shipping_terms": "Prevent head notice", "ship_via": "official property", "source": "Firm organization.", "payment_terms": "Own", "payment_method": "tax", "sales_currency": 4, "free_freight_min": "0.60", "issue_statements": true, "require_pos": false, "credit_limit": "0.48", "account_balance": "0.48", "current_orders": "0.89", "authorised_card": "0.15", "credit_avail": "0.33", "overdue": "0.37", "avg_pay_days": 30279, "last_credit_review": "1994-08-15", "credit_hold": true, "account_receivable": "2017-07-23T06:22:01Z", "stage": 5, "stage_started": "2001-03-24T04:22:04Z", "status": "1", "used": "2016-11-10T00:35:39Z"}}, {"model": "sales.customer", "pk": 6, "fields": {"created_time": "1992-07-19T18:50:24Z", "modified_time": "2020-02-21T11:43:14Z", "created_by": 1, "parent_id": 5, "entity": "1", "name": "indeed", "shipping_terms": "Always across", "ship_via": "clearly ", "source": "center", "payment_terms": "Culture", "payment_method": "cash", "sales_currency": 4, "free_freight_min": "0.36", "issue_statements": false, "require_pos": true, "credit_limit": "0.70", "account_balance": "0.37", "current_orders": "0.13", "authorised_card": "0.45", "credit_avail": "0.51", "overdue": "0.99", "avg_pay_days": 29153, "last_credit_review": "2006-05-14", "credit_hold": true, "account_receivable": "2000-06-21T02:08:23Z", "stage": 2, "stage_started": "2017-09-23T23:02:24Z", "status": "3", "used": "2002-04-05T11:52:31Z"}}, {"model": "sales.customer", "pk": 7, "fields": {"created_time": "1975-05-02T18:41:29Z", "modified_time": "2021-06-01T17:42:11Z", "created_by": 1, "parent_id": 6, "entity": "1", "name": "lay", "shipping_terms": "western month", "ship_via": "Read tax ", "source": "cultural", "payment_terms": "Federal east", "payment_method": "Direction", "sales_currency": 1, "free_freight_min": "0.40", "issue_statements": false, "require_pos": false, "credit_limit": "0.78", "account_balance": "0.37", "current_orders": "0.49", "authorised_card": "0.57", "credit_avail": "0.94", "overdue": "0.25", "avg_pay_days": -25510, "last_credit_review": "2007-09-28", "credit_hold": false, "account_receivable": "2012-04-17T07:31:45Z", "stage": 3, "stage_started": "1998-06-29T04:50:01Z", "status": "3", "used": "1982-03-09T01:19:02Z"}}, {"model": "sales.customer", "pk": 8, "fields": {"created_time": "2006-02-21T19:42:55Z", "modified_time": "1982-11-21T07:08:36Z", "created_by": 2, "parent_id": 4, "entity": "1", "name": "Situation", "shipping_terms": "Peace push", "ship_via": "Election ", "source": "Class ", "payment_terms": "End", "payment_method": "online payment", "sales_currency": 1, "free_freight_min": "0.49", "issue_statements": false, "require_pos": true, "credit_limit": "0.40", "account_balance": "0.41", "current_orders": "0.85", "authorised_card": "0.97", "credit_avail": "0.18", "overdue": "0.33", "avg_pay_days": 21658, "last_credit_review": "2002-11-04", "credit_hold": false, "account_receivable": "1996-11-06T02:59:45Z", "stage": 4, "stage_started": "1970-04-10T05:37:05Z", "status": "3", "used": "1983-11-23T12:05:54Z"}}, {"model": "sales.customer", "pk": 9, "fields": {"created_time": "2008-04-26T10:59:54Z", "modified_time": "1972-11-08T14:21:39Z", "created_by": 2, "parent_id": 6, "entity": "2", "name": "Part", "shipping_terms": "Republican", "ship_via": "Writer ", "source": "account expert", "payment_terms": "Write", "payment_method": "Former", "sales_currency": 6, "free_freight_min": "0.74", "issue_statements": true, "require_pos": true, "credit_limit": "0.15", "account_balance": "0.56", "current_orders": "0.56", "authorised_card": "0.21", "credit_avail": "0.55", "overdue": "0.35", "avg_pay_days": -21205, "last_credit_review": "2013-11-15", "credit_hold": true, "account_receivable": "2008-12-29T05:19:22Z", "stage": 5, "stage_started": "2017-09-05T15:50:48Z", "status": "1", "used": "2000-08-08T01:28:23Z"}}, {"model": "sales.customer", "pk": 10, "fields": {"created_time": "2013-03-28T10:11:30Z", "modified_time": "2009-02-23T01:00:01Z", "created_by": 1, "parent_id": 6, "entity": "2", "name": "Energy", "shipping_terms": "Guess", "ship_via": "Really", "source": "Art practice", "payment_terms": "On system", "payment_method": "online payment", "sales_currency": 2, "free_freight_min": "0.45", "issue_statements": true, "require_pos": true, "credit_limit": "0.30", "account_balance": "0.47", "current_orders": "0.16", "authorised_card": "0.41", "credit_avail": "0.20", "overdue": "0.81", "avg_pay_days": 16164, "last_credit_review": "1987-12-16", "credit_hold": true, "account_receivable": "1975-05-09T09:34:24Z", "stage": null, "stage_started": "2009-03-26T02:40:23Z", "status": "1", "used": "2006-12-20T01:02:55Z"}}, {"model": "sales.customer", "pk": 11, "fields": {"created_time": "2019-10-26T04:22:04Z", "modified_time": "2006-03-02T09:33:41Z", "created_by": 2, "parent_id": 3, "entity": "2", "name": "Run example", "shipping_terms": "Garden will", "ship_via": "Notice ", "source": "Sit side", "payment_terms": "bank", "payment_method": "Price", "sales_currency": 2, "free_freight_min": "0.07", "issue_statements": true, "require_pos": false, "credit_limit": "0.57", "account_balance": "0.65", "current_orders": "0.03", "authorised_card": "0.40", "credit_avail": "0.89", "overdue": "0.40", "avg_pay_days": -29281, "last_credit_review": "1994-12-02", "credit_hold": false, "account_receivable": "2021-12-22T12:23:59Z", "stage": 4, "stage_started": "2006-10-03T12:08:27Z", "status": "3", "used": "2010-04-05T00:40:07Z"}}, {"model": "sales.customer", "pk": 12, "fields": {"created_time": "2005-08-03T12:11:06Z", "modified_time": "2008-11-28T20:09:59Z", "created_by": 2, "parent_id": 8, "entity": "2", "name": "Single", "shipping_terms": "administration", "ship_via": "Cause campaign", "source": "Add article", "payment_terms": "Second way", "payment_method": "Note response", "sales_currency": 2, "free_freight_min": "0.71", "issue_statements": true, "require_pos": false, "credit_limit": "0.45", "account_balance": "0.99", "current_orders": "0.73", "authorised_card": "0.16", "credit_avail": "0.98", "overdue": "0.09", "avg_pay_days": 29386, "last_credit_review": "1979-01-25", "credit_hold": true, "account_receivable": "2001-04-12T13:36:15Z", "stage": 1, "stage_started": "2000-10-17T00:23:37Z", "status": "2", "used": "1984-08-11T07:58:31Z"}}, {"model": "sales.customeraddress", "pk": 1, "fields": {"customer": 2, "address": 3}}, {"model": "sales.vendor", "pk": 1, "fields": {"created_time": "1974-09-18T04:47:58Z", "modified_time": "1997-12-05T16:04:51Z", "created_by": 3, "parent_id": null, "entity": "2", "name": "sharma traders", "shipping_terms": "Prepaid/Prepay", "ship_via": "port", "payment_terms": "in hand", "payment_method": "COD", "purchasing_currency": 1, "free_freight_min": "0.83", "require_pos": true, "require_rfq": false, "minimum_orders": "7000.00", "credit_limit": "50000.00", "account_balance": "40000.00", "current_orders": "9000.00", "credit_avail": "5000.00", "overdue": "0.00", "avg_pay_days": 5, "last_credit_review": "2005-02-13", "credit_hold": false, "account_payable": "2017-07-24T22:45:23Z", "stage": 1, "stage_started": "2015-08-26T11:49:37Z", "status": "3", "used": "1975-02-04T17:03:33Z"}}, {"model": "sales.vendor", "pk": 2, "fields": {"created_time": "1997-10-20T20:35:09Z", "modified_time": "2006-02-10T06:13:28Z", "created_by": 3, "parent_id": 1, "entity": "1", "name": "decoration traders", "shipping_terms": "Add/Collect", "ship_via": "Runways", "payment_terms": "on time", "payment_method": "online payment", "purchasing_currency": 2, "free_freight_min": "0.35", "require_pos": false, "require_rfq": true, "minimum_orders": "1000.00", "credit_limit": "10000.00", "account_balance": "9000.00", "current_orders": "1500.00", "credit_avail": "1000.00", "overdue": "0.00", "avg_pay_days": 2, "last_credit_review": "1974-09-02", "credit_hold": true, "account_payable": "1972-09-03T07:09:18Z", "stage": 2, "stage_started": "1977-02-08T17:11:15Z", "status": "3", "used": "1989-06-07T20:28:40Z"}}, {"model": "sales.vendor", "pk": 3, "fields": {"created_time": "1993-07-12T17:09:07Z", "modified_time": "2019-01-31T02:08:10Z", "created_by": 2, "parent_id": null, "entity": "1", "name": "production color", "shipping_terms": "Continue sing sport still phone character news. Meeting special lay order knowledge station family site. Price anyone such once southern.\nSound happy help rest spring. Peace environment season significant scientist.", "ship_via": "Important feel cause tax involve she. Responsibility evening part personal.\nTeacher seem to network together.\nHair might fact remain institution including. Long look better myself player number.", "payment_terms": "Sometimes own bill. Hear foreign over nearly common. Lawyer no bed safe school travel maybe.\nCard accept through from send.", "payment_method": "Thing woman language. Career modern also raise eye. Summer truth letter standard each song at.\nLeave image stuff. Analysis political adult quickly science.\nWorry down something suddenly someone water. Hard price beautiful help or wide table anyone.", "purchasing_currency": null, "free_freight_min": "0.75", "require_pos": true, "require_rfq": false, "minimum_orders": "0.43", "credit_limit": "0.55", "account_balance": "0.94", "current_orders": "0.32", "credit_avail": "0.55", "overdue": "0.88", "avg_pay_days": 6591, "last_credit_review": "1985-06-25", "credit_hold": false, "account_payable": "1980-09-13T20:34:38Z", "stage": null, "stage_started": "2012-05-14T17:58:32Z", "status": "1", "used": "1974-11-03T05:15:44Z"}}, {"model": "sales.vendor", "pk": 4, "fields": {"created_time": "2006-02-27T03:02:57Z", "modified_time": "1976-02-11T06:29:58Z", "created_by": 2, "parent_id": 3, "entity": "1", "name": "Her court crime", "shipping_terms": "Turn cultural role five at soon. Part current head machine side including into. Current attorney national drive task responsibility order.\nIdea west mission drop piece seat he. Life establish seem fall soon perhaps interview ten. Guy even glass pass.", "ship_via": "Great more similar within kid four.\nStuff address question. Leave then fund think rise seem. Require area TV receive interest successful.\nScore of significant since race.", "payment_terms": "Plan base weight. Leave behind share son. Area least serve fill.\nStructure environment team machine how my something realize. Fish hit skin what continue throughout individual. Trade discussion sport.\nSpecific go into. Home age PM college either.", "payment_method": "Yes ground edge require current time teacher. Oil actually hear. Half physical Mrs weight. Stay man understand bring.\nFund party whether able current card agent. Daughter reduce particularly approach. Eye figure decide.", "purchasing_currency": null, "free_freight_min": "0.29", "require_pos": true, "require_rfq": true, "minimum_orders": "0.73", "credit_limit": "0.64", "account_balance": "0.88", "current_orders": "0.71", "credit_avail": "0.56", "overdue": "0.82", "avg_pay_days": -6417, "last_credit_review": "1983-01-31", "credit_hold": false, "account_payable": "1974-05-25T07:07:49Z", "stage": null, "stage_started": "1992-12-16T23:28:24Z", "status": "3", "used": "2014-05-16T17:26:24Z"}}, {"model": "sales.vendor", "pk": 5, "fields": {"created_time": "2001-03-03T10:35:43Z", "modified_time": "1986-08-03T08:45:38Z", "created_by": 1, "parent_id": 4, "entity": "1", "name": "Cost media political", "shipping_terms": "Goal gas case young challenge picture west heavy. Free message technology scene training. Environmental recognize member church production Congress finish while.", "ship_via": "Production other business its employee. Very arm year reduce develop lawyer little. Image option seven relationship performance.\nAway occur specific something. Radio need add seek prove.", "payment_terms": "Tell fight argue Mrs live culture. Believe two him choice song leg.\nArgue specific field. Mr they develop husband already. Population make which reason role break allow.\nShe before among upon be consider throw.", "payment_method": "Word watch recognize natural table yard baby. Investment word fish key social. Lawyer administration worker.\nSound fine new nor. Reach trade learn send fall protect of your. On perform alone seek reason strategy position.", "purchasing_currency": null, "free_freight_min": "0.72", "require_pos": false, "require_rfq": false, "minimum_orders": "0.06", "credit_limit": "0.78", "account_balance": "0.46", "current_orders": "0.59", "credit_avail": "0.49", "overdue": "0.94", "avg_pay_days": 120, "last_credit_review": "1996-07-24", "credit_hold": false, "account_payable": "1974-02-13T19:30:22Z", "stage": null, "stage_started": "2000-09-29T04:21:57Z", "status": "3", "used": "2002-08-01T09:11:44Z"}}, {"model": "sales.vendor", "pk": 6, "fields": {"created_time": "1973-02-25T07:22:55Z", "modified_time": "2020-01-29T12:44:18Z", "created_by": 1, "parent_id": 4, "entity": "2", "name": "Professional safe", "shipping_terms": "Crime week rather.\nClear TV future real possible research. Begin what very summer with.\nGet receive I place art us. Father area maybe whom line will.\nHimself have which kind try. Course mind would hope message.", "ship_via": "Value represent hour collection once student herself.\nUnderstand into organization traditional support wall me. Affect when Democrat section take decide production.\nToday drive local cell. Cup purpose share because special. Close born budget fact listen.", "payment_terms": "Second best we seven. Say total edge goal build.\nPolitical day floor budget adult radio. Wear within figure question. Say program professional race treatment industry camera.\nAnything high compare again peace.\nMaintain him walk tax.", "payment_method": "Cultural mouth myself national just kind. Trial investment relationship although risk avoid church. Conference lay list whom. Friend wish southern social agreement become some.\nPage increase poor no character particularly. Usually land head bank.", "purchasing_currency": null, "free_freight_min": "0.49", "require_pos": false, "require_rfq": false, "minimum_orders": "0.23", "credit_limit": "0.76", "account_balance": "0.30", "current_orders": "0.99", "credit_avail": "0.24", "overdue": "0.65", "avg_pay_days": -7665, "last_credit_review": "1999-02-13", "credit_hold": true, "account_payable": "2017-01-01T19:47:43Z", "stage": null, "stage_started": "1994-12-26T09:04:34Z", "status": "3", "used": "2014-05-05T14:17:27Z"}}, {"model": "sales.vendor", "pk": 7, "fields": {"created_time": "2005-11-04T03:40:21Z", "modified_time": "1973-01-21T22:49:55Z", "created_by": 1, "parent_id": 5, "entity": "1", "name": "Bill stay feeling", "shipping_terms": "Pressure different four state forward economic hope. Off now relationship. Others hot offer yes cover.\nWrite camera maintain system. Laugh resource loss second product require. Process better none enter. Possible finally herself learn Democrat.", "ship_via": "Practice best amount significant. Wall cold strategy cup something century mention. Art party should sister consider.\nCare at research. People religious forget exactly speech year. American current manage born fast medical able.", "payment_terms": "Expect value green serve believe receive generation. Itself federal pretty Republican join meet executive it. Phone bill mention she.\nEveryone just until across speak. Range religious process ask. Fund meeting democratic student hotel.", "payment_method": "Whatever fill team over send range cell. Late teach eight real kind notice science time. Line economic daughter. Maintain well threat do factor.\nStreet trial ten property position. Various source whether rule as. Myself drug four week again scene treat.", "purchasing_currency": null, "free_freight_min": "0.38", "require_pos": true, "require_rfq": false, "minimum_orders": "0.88", "credit_limit": "0.37", "account_balance": "0.86", "current_orders": "0.16", "credit_avail": "0.42", "overdue": "0.30", "avg_pay_days": -30977, "last_credit_review": "2003-11-03", "credit_hold": true, "account_payable": "1985-10-17T13:36:08Z", "stage": null, "stage_started": "1972-05-12T13:09:26Z", "status": "2", "used": "1971-12-24T04:25:42Z"}}, {"model": "sales.vendor", "pk": 8, "fields": {"created_time": "2011-02-18T09:41:27Z", "modified_time": "2003-06-21T03:43:49Z", "created_by": 1, "parent_id": 6, "entity": "2", "name": "Resource real", "shipping_terms": "Do usually machine along eight. Thousand guy stage down identify the. Care yeah TV purpose future may alone.\nSuccessful treatment husband maybe return change part live. None owner tax must. Trip church catch to candidate just community.", "ship_via": "Only produce difficult mind language may.\nMoment fear say. Already marriage including color.\nBudget manager lay hospital begin ball her adult. Enough region energy return nature its dark. Say let begin.\nThen field fund above.", "payment_terms": "From fight unit. Environment might church people bag marriage floor. Toward modern bring car.\nFirst suffer in open forget. Professor least town. Attack allow action media gas environment next third.", "payment_method": "Democrat now dog catch reduce. Song affect base lawyer idea. Resource all similar choose realize threat.\nMajor sometimes move claim believe well than. Expert lawyer her listen yard detail pick. Outside southern sister.", "purchasing_currency": null, "free_freight_min": "0.15", "require_pos": true, "require_rfq": true, "minimum_orders": "0.41", "credit_limit": "0.29", "account_balance": "0.21", "current_orders": "0.54", "credit_avail": "0.89", "overdue": "0.36", "avg_pay_days": 11425, "last_credit_review": "1975-09-13", "credit_hold": false, "account_payable": "1989-08-17T09:42:56Z", "stage": null, "stage_started": "1995-09-02T22:05:01Z", "status": "3", "used": "2018-04-06T10:11:53Z"}}, {"model": "sales.vendor", "pk": 9, "fields": {"created_time": "2009-04-28T14:10:39Z", "modified_time": "2021-03-10T02:04:40Z", "created_by": 3, "parent_id": 8, "entity": "1", "name": "List cover a", "shipping_terms": "Scientist what that responsibility consider. Require act small section book probably.\nGas common change picture on notice. Behavior manager identify no.\nReport matter teach project call pretty could. In act notice policy staff.", "ship_via": "Into short audience those beat. Amount discussion believe.\nEverybody affect admit pass. Man recognize foreign voice.\nAbout note visit. Movie chance future operation myself although. Dog past for eye financial.", "payment_terms": "Seem win accept. Believe order home tonight air forward data. Stuff music mouth president direction security entire.\nMinute politics close best blue authority poor.", "payment_method": "Fact turn deal far. Whatever memory law pressure behind. Couple toward week successful true work.\nLate finish challenge return artist all policy. Job staff course church south. Become impact officer spend green.", "purchasing_currency": null, "free_freight_min": "0.06", "require_pos": false, "require_rfq": false, "minimum_orders": "0.11", "credit_limit": "0.61", "account_balance": "0.91", "current_orders": "0.27", "credit_avail": "0.05", "overdue": "0.43", "avg_pay_days": 2444, "last_credit_review": "1988-07-02", "credit_hold": false, "account_payable": "1985-07-10T03:54:56Z", "stage": null, "stage_started": "1993-02-21T22:48:48Z", "status": "1", "used": "2006-01-09T03:25:23Z"}}, {"model": "sales.vendor", "pk": 10, "fields": {"created_time": "1986-03-07T17:17:10Z", "modified_time": "1976-12-07T05:42:40Z", "created_by": 1, "parent_id": 3, "entity": "2", "name": "Rise act reason", "shipping_terms": "Man interesting international. Concern nation none small throw voice source. Current write stay listen tend. Hit floor network during or believe.\nLetter character specific peace you voice. Happy author drop memory.", "ship_via": "Race positive color beat. Room nearly us single bill north. Assume another work way beyond information about Congress.\nSouth perhaps left dinner system. How discussion to them indicate rate lot.", "payment_terms": "Why force if action positive.\nHospital check face so source. Hair put left discuss various number environmental knowledge.\nBreak capital name commercial reveal theory agency. Feel staff toward north. Teach whether rule hand need accept house.", "payment_method": "List article nature author hair time hot. New term then college foreign reveal probably. Need kitchen director travel new window.\nShake south whom same continue must. Population still model clear.", "purchasing_currency": null, "free_freight_min": "0.65", "require_pos": true, "require_rfq": true, "minimum_orders": "0.61", "credit_limit": "0.19", "account_balance": "0.97", "current_orders": "0.86", "credit_avail": "0.36", "overdue": "0.27", "avg_pay_days": -279, "last_credit_review": "1972-12-03", "credit_hold": false, "account_payable": "1991-12-28T10:40:34Z", "stage": null, "stage_started": "1992-05-10T09:43:46Z", "status": "2", "used": "2021-02-25T11:44:31Z"}}, {"model": "sales.vendor", "pk": 11, "fields": {"created_time": "1982-02-04T08:30:56Z", "modified_time": "2011-07-12T17:42:21Z", "created_by": 2, "parent_id": 10, "entity": "2", "name": "Machine trade movie", "shipping_terms": "Without public nice then police data star. Able line sing tell phone buy charge.\nSeek southern that hundred answer lot. Rate western style say rule measure interview open. Pattern but any.", "ship_via": "Late travel write notice mean me road. Century mean point sure.\nWant style wish laugh stay light available. Size president available buy picture within work. Guess save stay party bed.", "payment_terms": "Turn value itself put reason. Tonight west her computer.\nCompany tell wrong sell never nor within. Score relate organization main.\nCourt peace before most before sometimes Democrat face. Every image child. Coach old join rich trial.", "payment_method": "Measure better peace leave person. Some politics manager south. History office move myself collection near always.\nOn consider both fine. Give seem food expert another side.", "purchasing_currency": null, "free_freight_min": "0.77", "require_pos": false, "require_rfq": true, "minimum_orders": "0.55", "credit_limit": "0.90", "account_balance": "0.96", "current_orders": "0.59", "credit_avail": "0.06", "overdue": "0.73", "avg_pay_days": -9879, "last_credit_review": "1985-10-18", "credit_hold": true, "account_payable": "1970-05-21T22:33:35Z", "stage": null, "stage_started": "2017-06-11T13:28:28Z", "status": "3", "used": "2020-11-22T11:57:14Z"}}, {"model": "sales.vendor", "pk": 12, "fields": {"created_time": "1974-11-20T01:24:23Z", "modified_time": "2013-09-16T21:58:02Z", "created_by": 1, "parent_id": 7, "entity": "1", "name": "Window sell life ", "shipping_terms": "Half grow save. Success stock meeting protect.\nDown plant yet nor. And also program significant message newspaper.\nSince back Mrs let police green him cut. Avoid heart story action rich network race. Suffer with weight seven difference.", "ship_via": "International stage a. Forward difference fly. Specific change goal those share prove less.\nOutside sea hope before. Go kitchen short.\nLife customer born according too oil. Factor sea thus force so. Hand use enjoy learn material so decide.", "payment_terms": "Wait health different control maintain public way.\nForget if wait. Everything piece affect season oil.\nWorld power mission.\nSoldier start how choice rate. Cell suggest industry Mr reduce her. Task detail ahead car parent production senior.", "payment_method": "Class hotel thus respond. Smile soon his candidate smile by.\nFront son answer son authority fund. Expect expert serve police name effort do.", "purchasing_currency": null, "free_freight_min": "0.47", "require_pos": false, "require_rfq": true, "minimum_orders": "0.53", "credit_limit": "0.53", "account_balance": "0.30", "current_orders": "0.82", "credit_avail": "0.00", "overdue": "0.60", "avg_pay_days": 12574, "last_credit_review": "1991-01-21", "credit_hold": false, "account_payable": "1989-06-14T21:03:32Z", "stage": null, "stage_started": "1994-02-07T12:41:43Z", "status": "1", "used": "2005-06-10T12:17:04Z"}}, {"model": "sales.vendoraddress", "pk": 1, "fields": {"vendor": 1, "address": 3}}, {"model": "system.currency", "pk": 1, "fields": {"created_time": "1973-08-23T06:34:17Z", "modified_time": "1981-01-28T05:52:47Z", "created_by": 3, "name": "Rupees", "code": "INR", "symbol": "R", "current_rate": "0.01", "updated": "2022-09-19T21:57:50Z"}}, {"model": "system.currency", "pk": 2, "fields": {"created_time": "1995-02-19T22:04:49Z", "modified_time": "2012-05-15T03:20:41Z", "created_by": 2, "name": "Dollar", "code": "USD", "symbol": "$", "current_rate": "79.74", "updated": "2022-09-19T11:27:04Z"}}, {"model": "system.currency", "pk": 3, "fields": {"created_time": "1986-02-14T00:26:23Z", "modified_time": "1971-07-12T15:04:31Z", "created_by": 1, "name": "Yen", "code": "JPY", "symbol": "Y", "current_rate": "0.56", "updated": "2022-09-19T15:48:58Z"}}, {"model": "system.currency", "pk": 4, "fields": {"created_time": "2000-09-07T14:24:54Z", "modified_time": "1980-11-02T21:42:54Z", "created_by": 1, "name": "Won", "code": "KRW", "symbol": "W", "current_rate": "0.06", "updated": "2022-09-19T09:56:26Z"}}, {"model": "system.currency", "pk": 6, "fields": {"created_time": "1986-10-09T02:39:53Z", "modified_time": "1980-11-16T15:07:44Z", "created_by": 2, "name": "Euro", "code": "EUR", "symbol": "E", "current_rate": "79.67", "updated": "2022-09-19T09:14:20Z"}}, {"model": "system.language", "pk": 1, "fields": {"created_time": "2001-10-24T00:59:47Z", "modified_time": "2021-09-25T19:07:39Z", "created_by": 2, "name": "English", "date_format": "5", "time_format": "2", "symbol_position": -3474, "thousands_separator": null, "fraction_separator": null, "decimal_places": 1471}}, {"model": "system.language", "pk": 2, "fields": {"created_time": "2020-01-22T23:09:21Z", "modified_time": "2014-11-18T10:40:04Z", "created_by": 2, "name": "Hungul", "date_format": "3", "time_format": "2", "symbol_position": 27003, "thousands_separator": null, "fraction_separator": null, "decimal_places": -5853}}, {"model": "system.language", "pk": 3, "fields": {"created_time": "1982-04-20T12:25:15Z", "modified_time": "1994-08-23T12:43:35Z", "created_by": 1, "name": "Spanish", "date_format": "6", "time_format": "3", "symbol_position": 3016, "thousands_separator": null, "fraction_separator": null, "decimal_places": 15712}}, {"model": "system.country", "pk": 1, "fields": {"created_time": "1980-04-10T01:25:29Z", "modified_time": "1993-09-10T12:17:11Z", "created_by": 2, "name": "India", "abbreviation": "IND", "currency": 1}}, {"model": "system.country", "pk": 2, "fields": {"created_time": "1991-12-21T12:36:32Z", "modified_time": "1974-02-04T18:15:19Z", "created_by": 3, "name": "America", "abbreviation": "USA", "currency": 2}}, {"model": "system.country", "pk": 3, "fields": {"created_time": "1970-04-14T13:26:18Z", "modified_time": "2012-06-26T16:36:19Z", "created_by": 1, "name": "South Korea", "abbreviation": "SK", "currency": 4}}, {"model": "system.country", "pk": 4, "fields": {"created_time": "1998-05-18T01:32:31Z", "modified_time": "1990-05-12T23:06:26Z", "created_by": 2, "name": "Japan", "abbreviation": "JPN", "currency": 3}}, {"model": "system.country", "pk": 5, "fields": {"created_time": "2022-05-15T08:44:57Z", "modified_time": "2011-01-21T00:46:00Z", "created_by": 2, "name": "France", "abbreviation": "FRN", "currency": 2}}, {"model": "system.country", "pk": 6, "fields": {"created_time": "2004-05-09T17:43:07Z", "modified_time": "1975-05-29T17:35:50Z", "created_by": 3, "name": "Nepal", "abbreviation": "NPL", "currency": 1}}, {"model": "system.country", "pk": 7, "fields": {"created_time": "1970-05-10T00:41:36Z", "modified_time": "1971-04-26T00:48:11Z", "created_by": 1, "name": "Sri Lanka", "abbreviation": "SRL", "currency": 1}}, {"model": "system.country", "pk": 8, "fields": {"created_time": "2016-11-13T07:52:59Z", "modified_time": "1971-02-14T01:13:54Z", "created_by": 2, "name": "China", "abbreviation": "CHN", "currency": 3}}, {"model": "system.country", "pk": 9, "fields": {"created_time": "2002-11-30T17:34:33Z", "modified_time": "1974-04-13T08:22:48Z", "created_by": 3, "name": "Germany", "abbreviation": "GRM", "currency": 6}}, {"model": "system.country", "pk": 10, "fields": {"created_time": "1997-04-13T19:08:27Z", "modified_time": "1987-10-16T21:39:42Z", "created_by": 1, "name": "Taiwan", "abbreviation": "TWN", "currency": 3}}, {"model": "system.country", "pk": 11, "fields": {"created_time": "1972-05-03T10:05:06Z", "modified_time": "2007-03-03T16:42:34Z", "created_by": 2, "name": "Spain", "abbreviation": "SPN", "currency": 6}}, {"model": "system.country", "pk": 12, "fields": {"created_time": "1982-10-31T08:02:09Z", "modified_time": "2002-10-13T02:54:35Z", "created_by": 2, "name": "Canada", "abbreviation": "CND", "currency": 2}}, {"model": "system.state", "pk": 1, "fields": {"created_time": "2018-09-08T02:20:47Z", "modified_time": "1978-07-19T05:29:16Z", "created_by": 2, "country": 2, "name": "Queens", "abbreviation": "Que"}}, {"model": "system.state", "pk": 2, "fields": {"created_time": "1985-01-04T08:34:35Z", "modified_time": "1979-06-03T00:02:43Z", "created_by": 2, "country": 1, "name": "Jammu", "abbreviation": "Jmu"}}, {"model": "system.state", "pk": 3, "fields": {"created_time": "2006-09-09T07:29:41Z", "modified_time": "2015-08-22T21:19:06Z", "created_by": 1, "country": 3, "name": "Seoul", "abbreviation": "SUL"}}, {"model": "system.state", "pk": 4, "fields": {"created_time": "2021-03-27T19:52:25Z", "modified_time": "2012-07-30T23:47:24Z", "created_by": 3, "country": 3, "name": "Berlin", "abbreviation": "BRL"}}, {"model": "system.state", "pk": 5, "fields": {"created_time": "2022-01-25T07:56:13Z", "modified_time": "2012-01-14T02:36:24Z", "created_by": 2, "country": 11, "name": "Tokyo", "abbreviation": "TKY"}}, {"model": "system.state", "pk": 6, "fields": {"created_time": "2018-09-21T05:40:36Z", "modified_time": "2014-04-03T09:22:41Z", "created_by": 2, "country": 5, "name": "Shanghai", "abbreviation": "SGI"}}, {"model": "system.state", "pk": 7, "fields": {"created_time": "1970-03-20T12:34:48Z", "modified_time": "2008-06-08T14:47:55Z", "created_by": 2, "country": 1, "name": "Delhi", "abbreviation": "DLH"}}, {"model": "system.state", "pk": 8, "fields": {"created_time": "2004-01-30T01:32:52Z", "modified_time": "1993-05-25T11:56:06Z", "created_by": 1, "country": 1, "name": "Maharashtra", "abbreviation": "MHR"}}, {"model": "system.state", "pk": 9, "fields": {"created_time": "2017-10-28T11:42:07Z", "modified_time": "1970-01-03T15:57:30Z", "created_by": 2, "country": 12, "name": "Janakpur", "abbreviation": "JKP"}}, {"model": "system.state", "pk": 10, "fields": {"created_time": "2004-05-19T15:21:42Z", "modified_time": "2008-03-22T20:06:21Z", "created_by": 1, "country": 8, "name": "Busan", "abbreviation": "BSN"}}, {"model": "system.state", "pk": 11, "fields": {"created_time": "1976-12-30T00:10:01Z", "modified_time": "1974-09-10T00:07:55Z", "created_by": 2, "country": 11, "name": "Helsinki", "abbreviation": "HLS"}}, {"model": "system.state", "pk": 12, "fields": {"created_time": "2006-02-05T20:59:23Z", "modified_time": "2015-06-20T11:07:30Z", "created_by": 3, "country": 12, "name": "oslo", "abbreviation": "OSL"}}, {"model": "system.stage", "pk": 1, "fields": {"created_time": "1995-09-10T18:01:06Z", "modified_time": "1997-08-11T08:19:53Z", "created_by": 3, "application": "for delivery", "type": "Active", "stage": "Customer", "warning_interval": "1975-05-05T06:36:01Z", "urgent_interval": "1978-02-11T05:30:21Z"}}, {"model": "system.stage", "pk": 2, "fields": {"created_time": "1983-07-26T07:25:39Z", "modified_time": "2012-08-25T09:43:07Z", "created_by": 2, "application": "for billing", "type": "Active", "stage": "In progress", "warning_interval": "1997-03-22T08:15:40Z", "urgent_interval": "1979-10-15T23:51:50Z"}}, {"model": "system.stage", "pk": 3, "fields": {"created_time": "1996-12-08T15:10:27Z", "modified_time": "2005-10-22T00:54:59Z", "created_by": 1, "application": "Deactivated", "type": "works on hold", "stage": "On hold", "warning_interval": "2006-12-11T16:44:39Z", "urgent_interval": "2005-02-05T04:52:15Z"}}, {"model": "system.stage", "pk": 4, "fields": {"created_time": "1981-08-02T10:40:48Z", "modified_time": "1999-04-20T07:15:15Z", "created_by": 2, "application": "New account", "type": "new", "stage": "work started", "warning_interval": "1985-01-12T19:42:50Z", "urgent_interval": "2015-11-16T16:33:45Z"}}, {"model": "system.stage", "pk": 5, "fields": {"created_time": "1976-09-21T18:46:45Z", "modified_time": "2016-06-06T01:08:59Z", "created_by": 3, "application": "aborted", "type": "not in progress/abolished", "stage": "cancelled", "warning_interval": "1996-06-10T23:34:31Z", "urgent_interval": "2003-06-30T00:55:08Z"}}, {"model": "system.company", "pk": 1, "fields": {"created_time": "1970-05-31T12:35:30Z", "modified_time": "2016-12-15T16:32:19Z", "created_by": 2, "name": "Electronics and hardware company", "stage": 2, "stage_started": "2019-03-26T21:09:14Z", "status": "Active", "used": "1987-04-03T06:22:31Z"}}, {"model": "system.company", "pk": 2, "fields": {"created_time": "1991-02-03T10:24:11Z", "modified_time": "2020-10-27T01:53:39Z", "created_by": 2, "name": "Web App Discovery", "stage": 1, "stage_started": "1990-11-28T08:05:45Z", "status": "Deactive", "used": "1978-07-27T19:38:03Z"}}, {"model": "system.company", "pk": 3, "fields": {"created_time": "2017-04-20T15:22:03Z", "modified_time": "2021-04-05T08:32:22Z", "created_by": 2, "name": "shivalik group of industries", "stage": 3, "stage_started": "2001-11-14T09:26:18Z", "status": "Active", "used": "1981-12-14T19:16:15Z"}}, {"model": "system.company", "pk": 4, "fields": {"created_time": "2007-12-15T09:13:52Z", "modified_time": "2010-05-10T10:30:39Z", "created_by": 2, "name": "Networking Industries", "stage": 4, "stage_started": "1986-09-23T23:54:36Z", "status": "Active", "used": "1972-03-07T16:57:53Z"}}, {"model": "system.company", "pk": 5, "fields": {"created_time": "1998-02-19T16:39:25Z", "modified_time": "2002-08-25T18:59:57Z", "created_by": 3, "name": "Beny Yard Industries", "stage": 5, "stage_started": "2015-09-07T09:15:53Z", "status": "On Hold", "used": "1976-01-15T04:24:26Z"}}, {"model": "system.company", "pk": 6, "fields": {"created_time": "1971-03-03T17:17:48Z", "modified_time": "2012-02-11T10:46:21Z", "created_by": 1, "name": "75 ways", "stage": 5, "stage_started": "2010-02-10T01:09:10Z", "status": "Active", "used": "1980-04-21T03:38:53Z"}}, {"model": "system.company", "pk": 7, "fields": {"created_time": "1996-04-17T16:58:30Z", "modified_time": "2019-05-12T06:44:49Z", "created_by": 1, "name": "Leo Coders", "stage": 3, "stage_started": "2001-11-20T01:53:30Z", "status": "Active", "used": "2002-08-05T01:40:12Z"}}, {"model": "system.company", "pk": 8, "fields": {"created_time": "1993-12-01T01:04:46Z", "modified_time": "2006-01-05T03:22:10Z", "created_by": 3, "name": "System Developers", "stage": 4, "stage_started": "1973-07-17T17:11:10Z", "status": "On Hold", "used": "2015-11-02T19:02:25Z"}}, {"model": "system.company", "pk": 9, "fields": {"created_time": "1997-09-29T13:02:44Z", "modified_time": "2021-12-21T10:05:28Z", "created_by": 3, "name": "Silver Industries", "stage": 5, "stage_started": "1993-02-18T23:10:19Z", "status": "On Hold", "used": "2003-06-07T21:06:13Z"}}, {"model": "system.company", "pk": 10, "fields": {"created_time": "1984-03-17T12:45:33Z", "modified_time": "2008-05-11T09:10:07Z", "created_by": 1, "name": "Partment", "stage": 1, "stage_started": "2013-04-08T14:51:53Z", "status": "In progress", "used": "1991-06-12T20:05:45Z"}}, {"model": "system.company", "pk": 11, "fields": {"created_time": "1991-03-25T19:12:37Z", "modified_time": "1973-06-24T22:06:01Z", "created_by": 2, "name": "Koopmac", "stage": 4, "stage_started": "1994-08-19T08:26:02Z", "status": "On Hold", "used": "1994-01-27T12:57:35Z"}}, {"model": "system.company", "pk": 12, "fields": {"created_time": "1981-07-21T10:08:18Z", "modified_time": "1972-12-18T11:20:23Z", "created_by": 2, "name": "Meesho", "stage": 3, "stage_started": "1987-06-03T00:44:31Z", "status": "On Hold", "used": "1976-12-24T04:21:43Z"}}, {"model": "system.userothers", "pk": 1, "fields": {"created_time": "2013-08-13T14:45:34Z", "modified_time": "1976-02-21T20:06:53Z", "created_by": 3, "user": 3, "stage": 1, "stage_started": "1991-02-09T08:42:20Z", "status": "Active", "used": "1985-02-21T20:07:46Z"}}, {"model": "system.userothers", "pk": 2, "fields": {"created_time": "2018-03-06T06:43:32Z", "modified_time": "2012-09-01T10:37:26Z", "created_by": 2, "user": 3, "stage": 2, "stage_started": "2003-09-06T20:10:17Z", "status": "Active", "used": "2020-04-22T09:07:21Z"}}, {"model": "system.userothers", "pk": 3, "fields": {"created_time": "1990-12-29T21:33:20Z", "modified_time": "1994-12-12T00:27:16Z", "created_by": 1, "user": 2, "stage": 3, "stage_started": "2007-12-30T22:41:38Z", "status": "In progress", "used": "1970-01-15T13:28:38Z"}}, {"model": "system.userothers", "pk": 4, "fields": {"created_time": "1998-07-09T04:06:42Z", "modified_time": "1971-06-14T09:35:17Z", "created_by": 2, "user": 1, "stage": 4, "stage_started": "1994-11-12T04:23:57Z", "status": "Deactive", "used": "2009-05-05T15:56:45Z"}}, {"model": "system.userothers", "pk": 5, "fields": {"created_time": "2006-03-14T05:09:56Z", "modified_time": "2014-08-19T12:17:54Z", "created_by": 1, "user": 2, "stage": 5, "stage_started": "1984-06-08T04:42:47Z", "status": "Active", "used": "1991-07-29T08:50:25Z"}}, {"model": "system.userothers", "pk": 6, "fields": {"created_time": "1982-10-05T11:26:53Z", "modified_time": "1991-10-24T14:57:50Z", "created_by": 2, "user": 1, "stage": 5, "stage_started": "1971-09-16T22:10:57Z", "status": "Pending", "used": "1990-07-31T05:35:57Z"}}, {"model": "system.userothers", "pk": 7, "fields": {"created_time": "1992-07-02T11:29:36Z", "modified_time": "2002-05-19T05:11:36Z", "created_by": 1, "user": 1, "stage": 4, "stage_started": "2018-10-03T11:23:03Z", "status": "In progress", "used": "1991-10-31T22:43:47Z"}}, {"model": "system.userothers", "pk": 8, "fields": {"created_time": "2012-07-07T17:37:28Z", "modified_time": "1979-03-18T19:08:58Z", "created_by": 1, "user": 3, "stage": 3, "stage_started": "2001-02-13T08:27:32Z", "status": "Active", "used": "1986-03-08T22:03:52Z"}}, {"model": "system.userothers", "pk": 9, "fields": {"created_time": "1973-08-12T05:47:00Z", "modified_time": "1991-12-13T02:19:53Z", "created_by": 2, "user": 1, "stage": 2, "stage_started": "2019-11-10T00:19:10Z", "status": "Deactive", "used": "2005-09-01T13:43:54Z"}}, {"model": "system.userothers", "pk": 10, "fields": {"created_time": "1995-08-12T20:51:05Z", "modified_time": "1980-03-08T12:06:57Z", "created_by": 2, "user": 2, "stage": 1, "stage_started": "1974-09-29T21:28:51Z", "status": "Active", "used": "2017-04-02T10:43:39Z"}}, {"model": "system.userothers", "pk": 11, "fields": {"created_time": "2010-04-29T14:39:30Z", "modified_time": "1997-11-14T23:24:01Z", "created_by": 1, "user": 2, "stage": 1, "stage_started": "1983-06-12T17:54:48Z", "status": "Deactive", "used": "2003-06-30T06:19:24Z"}}, {"model": "system.userothers", "pk": 12, "fields": {"created_time": "2011-09-29T22:36:44Z", "modified_time": "1978-08-28T21:31:02Z", "created_by": 2, "user": 2, "stage": 4, "stage_started": "1999-09-23T16:16:31Z", "status": "In progress", "used": "2015-07-31T12:56:20Z"}}]